{"cameraMode":{"drawMode":0,"name":"Shaded","section":"Shading Mode"},"sceneLighting":true,"audioPlay":false,"sceneViewState":{"m_AlwaysRefresh":false,"showFog":true,"showSkybox":true,"showFlares":true,"showImageEffects":true,"showParticleSystems":true,"showVisualEffectGraphs":true,"m_FxEnabled":true},"in2DMode":false,"pivot":{"x":27.945350646972658,"y":10.226659774780274,"z":17.377592086791993},"rotation":{"x":-0.006063723471015692,"y":-0.28179433941841128,"z":0.0017470885068178177,"w":-0.9594871997833252},"size":1.8604527711868287,"orthographic":false}